{"epoch": 15, "train/loss": 0.9704975531601803, "train/accuracy": 0.5556937745319767, "_timestamp": 1716921812.5025752, "_runtime": 4444.116337060928, "_step": 30, "validation/loss": 0.9673639698462053, "validation/accuracy": 0.5575460384719035, "test/loss": 0.9623844408756727, "test/accuracy": 0.5574125933349999, "_wandb": {"runtime": 4590}}