{"epoch": 5, "train/loss": 0.6304938122204372, "train/accuracy": 0.7309518468568801, "train/CER": 0.012518982490201436, "_timestamp": 1717030811.536744, "_runtime": 721.1079320907593, "_step": 10, "validation/loss": 0.6973455129350935, "validation/accuracy": 0.7027298891472319, "validation/CER": 0.012518982490201436, "test/loss": 0.6957332733699254, "test/accuracy": 0.7027291326412086, "test/CER": 0.013715855642753898, "_wandb": {"runtime": 803}}